"","mean.Estimate","mean.Std..Error","mean.z.value","mean.Pr...z..","precision.Estimate","precision.Std..Error","precision.z.value","precision.Pr...z.."
"(Intercept)",-2.57306203469533,0.0366555511627973,-70.1956989616024,0,29.0309200540113,1.33560790668666,21.7361097584623,9.34955987997662e-105
"NumConst_since15",-1.04027854348929,0.0519677311380356,-20.0177787390048,3.85529722922566e-89,29.0309200540113,1.33560790668666,21.7361097584623,9.34955987997662e-105
"Change_MedHHI",8.7546234723606e-05,4.11224808136407e-06,21.2891423356361,1.43123213052257e-100,29.0309200540113,1.33560790668666,21.7361097584623,9.34955987997662e-105
"Change_Rmov",-7.2923568106611,0.450355679116438,-16.1924388851232,5.70229061992067e-59,29.0309200540113,1.33560790668666,21.7361097584623,9.34955987997662e-105
"Change_PWnHL",-7.51849929922727,0.706245711616816,-10.6457273659264,1.82552909308768e-26,29.0309200540113,1.33560790668666,21.7361097584623,9.34955987997662e-105
"Change_PRent",-2.68139214375639,0.51393654222789,-5.21736036151989,1.81490950945982e-07,29.0309200540113,1.33560790668666,21.7361097584623,9.34955987997662e-105
"PercCOMM_MxTree",-0.649692812580348,0.139546198486096,-4.65575429233267,3.22796715816805e-06,29.0309200540113,1.33560790668666,21.7361097584623,9.34955987997662e-105
