"","Estimate","Std. Error","z value","Pr(>|z|)"
"(Intercept)",3.88567165611755,0.0839650039101302,46.2772759503052,0
"NumBuild",0.00307217547450436,0.000494778508715202,6.20919344795699,5.32572306872778e-10
