"","mean.Estimate","mean.Std..Error","mean.z.value","mean.Pr...z..","precision.Estimate","precision.Std..Error","precision.z.value","precision.Pr...z.."
"(Intercept)",-2.74543407398729,0.431697972917705,-6.35961771011293,2.02256487536957e-10,10.737444039283,0.666563726134736,16.1086534089505,2.21801537020482e-58
"PercResTree",-0.66157441160611,0.18728990808213,-3.53235483097146,0.000411876295255622,10.737444039283,0.666563726134736,16.1086534089505,2.21801537020482e-58
"Change_MedHHI",5.99454086927369e-05,3.72277156356706e-06,16.1023602090961,2.45556231456593e-58,10.737444039283,0.666563726134736,16.1086534089505,2.21801537020482e-58
"Change_PWnHL",-10.4153340218357,0.964584713143816,-10.7977390476049,3.52783622975127e-27,10.737444039283,0.666563726134736,16.1086534089505,2.21801537020482e-58
"NumReno_since11",-0.0189979018495001,0.00221346443848588,-8.5828809892675,9.25260692006282e-18,10.737444039283,0.666563726134736,16.1086534089505,2.21801537020482e-58
"Avg_Rmov",4.09484154615717,0.584898081458647,7.00094884213888,2.54234771582831e-12,10.737444039283,0.666563726134736,16.1086534089505,2.21801537020482e-58
"NumConst_since11",-0.0131687812181083,0.00550531678674882,-2.3920115278026,0.0167563160726716,10.737444039283,0.666563726134736,16.1086534089505,2.21801537020482e-58
