"","mean.Estimate","mean.Std..Error","mean.z.value","mean.Pr...z..","precision.Estimate","precision.Std..Error","precision.z.value","precision.Pr...z.."
"(Intercept)",-6.37189269399499,0.26592393427098,-23.9613358288462,7.03946648019253e-127,10.3874657959005,0.647888226476605,16.0328053071599,7.54006592732203e-58
"Avg_Rmov",11.2454635032883,0.541350438911513,20.7729830715561,7.59892922390227e-96,10.3874657959005,0.647888226476605,16.0328053071599,7.54006592732203e-58
"NumConst_since11",-0.0890703842312083,0.00762591825276217,-11.6799552891806,1.61380393260078e-31,10.3874657959005,0.647888226476605,16.0328053071599,7.54006592732203e-58
"PercCOMM_MxTree",-1.66021515964046,0.289528209750192,-5.73420863228807,9.7968679900261e-09,10.3874657959005,0.647888226476605,16.0328053071599,7.54006592732203e-58
"Change_MedHHI",6.68141701580978e-05,3.9852463932388e-06,16.7653799954381,4.3721008391305e-63,10.3874657959005,0.647888226476605,16.0328053071599,7.54006592732203e-58
"NumReno_since11",-0.0195120804482694,0.00211132413262862,-9.24163189665088,2.42766006714626e-20,10.3874657959005,0.647888226476605,16.0328053071599,7.54006592732203e-58
"Change_PWnHL",-10.0066704646686,1.01938783640521,-9.81635262586252,9.57452038249579e-23,10.3874657959005,0.647888226476605,16.0328053071599,7.54006592732203e-58
