"","Estimate","Std. Error","z value","Pr(>|z|)"
"(Intercept)",0.920223659803849,0.0313544179267557,29.349090834775,2.45421179363127e-189
"Change_Rmov",7.96376683318777,0.254216328030209,31.326732216199,2.01867178720044e-215
"NumReno_since15",0.0320054868207671,0.00190990920910646,16.7575959465323,4.98372213796268e-63
"PercCOMM_MxTree",-2.33892581081227,0.120098668004788,-19.4750353993854,1.78800720711479e-84
"Change_MedHHI",-4.95355357775307e-05,1.71412813605229e-06,-28.8983855615444,1.25101726078787e-183
"Change_PRent",-5.04166630077863,0.25235134332163,-19.978757530737,8.42957439782342e-89
"Change_PWnHL",10.1301722552963,0.615458516543057,16.4595532972654,7.16270841431323e-61
"NumConst_since15",-0.0248532374264424,0.0033596363493313,-7.39759749039181,1.38670423532888e-13
