"","Estimate","Std. Error","t value","Pr(>|t|)"
"(Intercept)",0.0567821867070257,0.017687028765022,3.21038584045946,0.00682966329815981
