"","Estimate","Std. Error","z value","Pr(>|z|)"
"(Intercept)",-0.41283234827703,0.111670527988897,-3.69687826960105,0.000218266937122791
"NumConst_since15",-0.180903589337527,0.0123396006264606,-14.6604087777041,1.1557505429992e-48
"Change_PRent",-10.5000796774468,0.983898206351144,-10.6719166776278,1.37755068402457e-26
"NumReno_since15",0.0281052208986947,0.0056811013574169,4.94714301514833,7.5310645889096e-07
"PercCOMM_MxTree",-3.90170350497106,0.428445280334402,-9.106655351474,8.49607697728854e-20
"Change_MedHHI",-5.6770937125824e-05,6.32559674173073e-06,-8.97479549262115,2.83878658538728e-19
"Change_Rmov",4.0628426164469,0.946561242632035,4.29221315374127,1.76901004092629e-05
"Change_PWnHL",18.4329464574383,2.21033976374296,8.33941765867896,7.46572811057333e-17
