"","Estimate","Std. Error","t value","Pr(>|t|)"
"(Intercept)",0.056782186693837,0.0176870287569612,3.2103858411769,0.00682966328872702
