"","mean.Estimate","mean.Std..Error","mean.z.value","mean.Pr...z..","precision.Estimate","precision.Std..Error","precision.z.value","precision.Pr...z.."
"(Intercept)",-5.44158015613218,0.19283162319519,-28.2193349097313,3.38688062480997e-175,9.74630258258649,0.605510360958567,16.0960129024999,2.7208206219339e-58
"Avg_Rmov",9.0592607858834,0.345076968027414,26.2528700123611,6.62817709514942e-152,9.74630258258649,0.605510360958567,16.0960129024999,2.7208206219339e-58
"NumConst_since11",-0.056815650323197,0.00507314854121713,-11.1992877522892,4.11024702833421e-29,9.74630258258649,0.605510360958567,16.0960129024999,2.7208206219339e-58
"Change_MedHHI",6.4394100983331e-05,3.88962983207189e-06,16.5553288522137,1.46538600848583e-61,9.74630258258649,0.605510360958567,16.0960129024999,2.7208206219339e-58
"Change_PWnHL",-13.1877172329354,0.942141332990054,-13.9975996924811,1.61224569335911e-44,9.74630258258649,0.605510360958567,16.0960129024999,2.7208206219339e-58
"NumReno_since11",-0.0187981034533446,0.00218837061596699,-8.58999993702537,8.69693730307914e-18,9.74630258258649,0.605510360958567,16.0960129024999,2.7208206219339e-58
