"","Estimate","Std. Error","z value","Pr(>|z|)"
"(Intercept)",2.27926945824257,0.0821043265837412,27.7606498107972,1.29607108238439e-169
"PercComm_z",10.2958121427769,1.64472372008195,6.25990372551075,3.85215212786853e-10
"NumConst_since11",0.0159412472648275,0.00883324257972024,1.8046880430326,0.0711235119383914
"NumReno_since11",0.0290903796848684,0.00303824544495196,9.57472995909599,1.02123831098214e-21
"Change_PWnHL",-2.46799336933529,0.908631699229693,-2.7161647248578,0.00660430494202881
"Change_Rmov",2.1654474093012,0.59174595339913,3.65942073091054,0.000252786021080575
