"","mean.Estimate","mean.Std..Error","mean.z.value","mean.Pr...z..","precision.Estimate","precision.Std..Error","precision.z.value","precision.Pr...z.."
"(Intercept)",-2.32415380571099,0.0627920614827796,-37.0134974203447,6.94644252094927e-300,28.1423951884288,1.82070455992269,15.4568708223721,6.78137286877304e-54
"PercCOMM_MxTree",0.326870752381088,0.199275341514812,1.64029703773857,0.100943421252483,28.1423951884288,1.82070455992269,15.4568708223721,6.78137286877304e-54
"Change_PRent",-10.1420452923586,0.746529983419609,-13.5855833223219,4.87631451693381e-42,28.1423951884288,1.82070455992269,15.4568708223721,6.78137286877304e-54
"Change_MedHHI",-6.66128295063497e-05,3.71547853549586e-06,-17.9284657063588,7.0704001302082e-72,28.1423951884288,1.82070455992269,15.4568708223721,6.78137286877304e-54
"Change_PWnHL",14.4424911395194,1.07095439968136,13.4856265998034,1.90044028306797e-41,28.1423951884288,1.82070455992269,15.4568708223721,6.78137286877304e-54
"NumReno_since15",0.0156162622332435,0.00346836546192541,4.50248464432994,6.71636089403532e-06,28.1423951884288,1.82070455992269,15.4568708223721,6.78137286877304e-54
"NumConst_since15",-0.0312119100504775,0.00570598042917991,-5.47003454320705,4.49947874681715e-08,28.1423951884288,1.82070455992269,15.4568708223721,6.78137286877304e-54
"Change_Rmov",1.28730034581226,0.469839360180425,2.73987335866862,0.00614628618952632,28.1423951884288,1.82070455992269,15.4568708223721,6.78137286877304e-54
