"","Estimate","Std. Error","z value","Pr(>|z|)"
"(Intercept)",1.44554320843238,0.212440206474719,6.8044709258198,1.01421267522202e-11
"PercComm_z",10.1123949260137,1.68206969461807,6.01187629642765,1.83388243571006e-09
"NumConst_since11",0.0157676495420006,0.00915998426346283,1.72136207754136,0.0851851412307798
"NumReno_since11",0.0280072131045751,0.00307294928440958,9.11411497959565,7.93151664652585e-20
"Change_PWnHL",-4.28196651705797,1.08485365160925,-3.9470453094813,7.91215878503202e-05
"Change_MedHHI",8.41170150237933e-06,4.26314039003895e-06,1.97312326894833,0.0484815198009695
"Avg_Rmov",1.67221553644189,0.404666730600943,4.13232769088429,3.59107956814455e-05
