"","mean.Estimate","mean.Std..Error","mean.z.value","mean.Pr...z..","precision.Estimate","precision.Std..Error","precision.z.value","precision.Pr...z.."
"(Intercept)",-3.43880369063506,0.200071654080089,-17.1878605514928,3.27392463560083e-66,10.8947363443046,0.676032775887271,16.1156925121059,1.97934106290262e-58
"Avg_Rmov",4.21401883417277,0.350231452548995,12.0320970703888,2.4096147700695e-33,10.8947363443046,0.676032775887271,16.1156925121059,1.97934106290262e-58
"Change_MedHHI",5.84616389360352e-05,3.53771992412849e-06,16.52523099336,2.41512805464419e-61,10.8947363443046,0.676032775887271,16.1156925121059,1.97934106290262e-58
"Change_PWnHL",-11.3898081571368,0.899238897614493,-12.6660536897945,9.11876664229121e-37,10.8947363443046,0.676032775887271,16.1156925121059,1.97934106290262e-58
"NumReno_since11",-0.0196109568052177,0.00193599245258183,-10.1296659390715,4.08041073016913e-24,10.8947363443046,0.676032775887271,16.1156925121059,1.97934106290262e-58
"PercCOMM_MxTree",1.21481888429084,0.191550352337032,6.3420341934604,2.26750970494818e-10,10.8947363443046,0.676032775887271,16.1156925121059,1.97934106290262e-58
